query,context_text,context_time_ms,response_text,response_time_ms,db_time_ms,similarity_results
,"Yummy Inc : Online Catering Service 1.0  Sample Software Architecture Document (version 0.7)     
Confidential ÓYummy Inc, 2024 Page 12 of 17  
Participants:  
   Basic Flow:

---

Yummy Inc : Online Catering Service 1.0  Sample Software Architecture Document (version 0.7)     
Confidential ÓYummy Inc, 2024 Page 15 of 17

---

Yummy Inc : Online Catering Service 1.0  Sample Software Architecture Document (version 0.7)     
Confidential ÓYummy Inc, 2024 Page 11 of 17

---

Yummy Inc : Online Catering Service 1.0  Sample Software Architecture Document (version 0.7)     
Confidential ÓYummy Inc, 2024 Page 17 of 17

---

Yummy Inc : Online Catering Service 1.0  Sample Software Architecture Document (version 0.7)     
Confidential ÓYummy Inc, 2024 Page 6 of 17",13.237004041671753," Based on the provided context, the answer to the question is:

""Yes, the participants in the basic flow are the users of the online catering service.""",11.561453104019165,,"[(Document(page_content='Yummy Inc : Online Catering Service 1.0  Sample Software Architecture Document (version 0.7)     \nConfidential ÓYummy Inc, 2024 Page 12 of 17  \nParticipants:  \n   Basic Flow:', metadata={'id': 'Rag/documents/3.pdf:11:0', 'page': 11, 'source': 'Rag/documents/3.pdf'}), 16887.550954312283), (Document(page_content='Yummy Inc : Online Catering Service 1.0  Sample Software Architecture Document (version 0.7)     \nConfidential ÓYummy Inc, 2024 Page 15 of 17', metadata={'id': 'Rag/documents/3.pdf:14:0', 'page': 14, 'source': 'Rag/documents/3.pdf'}), 17521.149381014948), (Document(page_content='Yummy Inc : Online Catering Service 1.0  Sample Software Architecture Document (version 0.7)     \nConfidential ÓYummy Inc, 2024 Page 11 of 17', metadata={'id': 'Rag/documents/3.pdf:10:0', 'page': 10, 'source': 'Rag/documents/3.pdf'}), 17650.404536600076), (Document(page_content='Yummy Inc : Online Catering Service 1.0  Sample Software Architecture Document (version 0.7)     \nConfidential ÓYummy Inc, 2024 Page 17 of 17', metadata={'id': 'Rag/documents/3.pdf:16:0', 'page': 16, 'source': 'Rag/documents/3.pdf'}), 17668.188717837555), (Document(page_content='Yummy Inc : Online Catering Service 1.0  Sample Software Architecture Document (version 0.7)     \nConfidential ÓYummy Inc, 2024 Page 6 of 17', metadata={'id': 'Rag/documents/3.pdf:5:0', 'page': 5, 'source': 'Rag/documents/3.pdf'}), 17889.71965959022)]"
can you tell me the databases details getting used ?,"Yummy Inc : Online Catering Service 1.0  Sample Software Architecture Document (version 0.7)     
Confidential ÓYummy Inc, 2024 Page 14 of 17  
7. Deployment View    Global Overview 
  Detailed deployment model with clustering   • One IBM HTTP Server will dispatch requests to two different IBM WebSphere servers (load balancing + clustering) • An IBM DB2 Database stores all the information related to online orders

---

14 8. IMPLEMENTATION VIEW ........................................................................................................................... 15 8.1 OVERVIEW .................................................................................................................................................... 15 8.2 LAYERS ......................................................................................................................................................... 15 9. DATA VIEW ...................................................................................................................................................... 16 10. SIZE AND PERFORMANCE ...................................................................................................................... 16

---

7 3.6 PERFORMANCE ................................................................................................................................................ 8 3.7 INTERNATIONALIZATION (I18N) ...................................................................................................................... 8 4. USE-CASE VIEW ................................................................................................................................................ 8 4.1 ORDERING MENUS .......................................................................................................................................... 8 4.2 USE-CASE REALIZATIONS ............................................................................................................................... 9

---

Architecture with Rational Software Architect using the Rational     Unified Process®, IBM DeveloperWorks, Jean-Louis Maréchaux, Mars 2005,      http://www-128.ibm.com/developerworks/rational/library/05/0816_Louis/     1.5 Overview  In order to fully document all the aspects of the architecture, the Software Architecture Document contains the following subsections. Section 2: describes the use of each view Section 3: describes the architectural constraints of the system Section 4: describes the functional requirements with a significant impact on the architecture Section 5: describes the most important use-case realization. Will contain the Analysis Model and the Design Model Section 6: describes design’s concurrency aspects Section 7: describes how the system will be deployed. Will

---

8. Implementation View  8.1 Overview  The Implementation view depicts the physical composition of the implementation in terms of Implementation Subsystems, and Implementation Elements (directories and files, including source code, data, and executable files).  Usually, the layers of the Implementation view do fit the layering defined in the Logical view  It is unnecessary to document the Implementation view in great details in this document. For further information, refer to the Online Catering Service 1.0 workspace in Rational Software Architect.   8.2 Layers  8.2.1 Presentation Layer The Presentation layer contains all the components needed to allow interactions with an end-user. It encompasses the user interface  8.2.2 Control Layer The Control layer contains all the components used",9.881006002426147,"Based on the provided context, the answer to your question is:

The databases details being used in the Yummy Inc. Online Catering Service 1.0 Sample Software Architecture Document are:

* An IBM DB2 Database stores all the information related to online orders.",30.91522526741028,,"[(Document(page_content='Yummy Inc : Online Catering Service 1.0  Sample Software Architecture Document (version 0.7)     \nConfidential ÓYummy Inc, 2024 Page 14 of 17  \n7. Deployment View    Global Overview \n  Detailed deployment model with clustering   • One IBM HTTP Server will dispatch requests to two different IBM WebSphere servers (load balancing + clustering) • An IBM DB2 Database stores all the information related to online orders', metadata={'id': 'Rag/documents/3.pdf:13:0', 'page': 13, 'source': 'Rag/documents/3.pdf'}), 15229.48459468207), (Document(page_content='14 8. IMPLEMENTATION VIEW ........................................................................................................................... 15 8.1 OVERVIEW .................................................................................................................................................... 15 8.2 LAYERS ......................................................................................................................................................... 15 9. DATA VIEW ...................................................................................................................................................... 16 10. SIZE AND PERFORMANCE ...................................................................................................................... 16', metadata={'id': 'Rag/documents/3.pdf:2:6', 'page': 2, 'source': 'Rag/documents/3.pdf'}), 16931.898230784594), (Document(page_content='7 3.6 PERFORMANCE ................................................................................................................................................ 8 3.7 INTERNATIONALIZATION (I18N) ...................................................................................................................... 8 4. USE-CASE VIEW ................................................................................................................................................ 8 4.1 ORDERING MENUS .......................................................................................................................................... 8 4.2 USE-CASE REALIZATIONS ............................................................................................................................... 9', metadata={'id': 'Rag/documents/3.pdf:2:4', 'page': 2, 'source': 'Rag/documents/3.pdf'}), 17388.934616739243), (Document(page_content='Architecture with Rational Software Architect using the Rational     Unified Process®, IBM DeveloperWorks, Jean-Louis Maréchaux, Mars 2005,      http://www-128.ibm.com/developerworks/rational/library/05/0816_Louis/     1.5 Overview  In order to fully document all the aspects of the architecture, the Software Architecture Document contains the following subsections. Section 2: describes the use of each view Section 3: describes the architectural constraints of the system Section 4: describes the functional requirements with a significant impact on the architecture Section 5: describes the most important use-case realization. Will contain the Analysis Model and the Design Model Section 6: describes design’s concurrency aspects Section 7: describes how the system will be deployed. Will', metadata={'id': 'Rag/documents/3.pdf:4:2', 'page': 4, 'source': 'Rag/documents/3.pdf'}), 17954.177190948547), (Document(page_content='8. Implementation View  8.1 Overview  The Implementation view depicts the physical composition of the implementation in terms of Implementation Subsystems, and Implementation Elements (directories and files, including source code, data, and executable files).  Usually, the layers of the Implementation view do fit the layering defined in the Logical view  It is unnecessary to document the Implementation view in great details in this document. For further information, refer to the Online Catering Service 1.0 workspace in Rational Software Architect.   8.2 Layers  8.2.1 Presentation Layer The Presentation layer contains all the components needed to allow interactions with an end-user. It encompasses the user interface  8.2.2 Control Layer The Control layer contains all the components used', metadata={'id': 'Rag/documents/3.pdf:14:1', 'page': 14, 'source': 'Rag/documents/3.pdf'}), 18617.836818391283)]"
can you tell me the databases details getting used ?,"Yummy Inc : Online Catering Service 1.0  Sample Software Architecture Document (version 0.7)     
Confidential ÓYummy Inc, 2024 Page 14 of 17  
7. Deployment View    Global Overview 
  Detailed deployment model with clustering   • One IBM HTTP Server will dispatch requests to two different IBM WebSphere servers (load balancing + clustering) • An IBM DB2 Database stores all the information related to online orders

---

14 8. IMPLEMENTATION VIEW ........................................................................................................................... 15 8.1 OVERVIEW .................................................................................................................................................... 15 8.2 LAYERS ......................................................................................................................................................... 15 9. DATA VIEW ...................................................................................................................................................... 16 10. SIZE AND PERFORMANCE ...................................................................................................................... 16

---

7 3.6 PERFORMANCE ................................................................................................................................................ 8 3.7 INTERNATIONALIZATION (I18N) ...................................................................................................................... 8 4. USE-CASE VIEW ................................................................................................................................................ 8 4.1 ORDERING MENUS .......................................................................................................................................... 8 4.2 USE-CASE REALIZATIONS ............................................................................................................................... 9

---

Architecture with Rational Software Architect using the Rational     Unified Process®, IBM DeveloperWorks, Jean-Louis Maréchaux, Mars 2005,      http://www-128.ibm.com/developerworks/rational/library/05/0816_Louis/     1.5 Overview  In order to fully document all the aspects of the architecture, the Software Architecture Document contains the following subsections. Section 2: describes the use of each view Section 3: describes the architectural constraints of the system Section 4: describes the functional requirements with a significant impact on the architecture Section 5: describes the most important use-case realization. Will contain the Analysis Model and the Design Model Section 6: describes design’s concurrency aspects Section 7: describes how the system will be deployed. Will

---

8. Implementation View  8.1 Overview  The Implementation view depicts the physical composition of the implementation in terms of Implementation Subsystems, and Implementation Elements (directories and files, including source code, data, and executable files).  Usually, the layers of the Implementation view do fit the layering defined in the Logical view  It is unnecessary to document the Implementation view in great details in this document. For further information, refer to the Online Catering Service 1.0 workspace in Rational Software Architect.   8.2 Layers  8.2.1 Presentation Layer The Presentation layer contains all the components needed to allow interactions with an end-user. It encompasses the user interface  8.2.2 Control Layer The Control layer contains all the components used",1.172339916229248,"Based on the provided context, we can see that the system uses an IBM DB2 Database to store information related to online orders. Specifically, the Implementation View of the software architecture document states that ""An IBM DB2 Database stores all the information related to online orders.""",40.66810178756714,96.76681900024414,"[(Document(page_content='Yummy Inc : Online Catering Service 1.0  Sample Software Architecture Document (version 0.7)     \nConfidential ÓYummy Inc, 2024 Page 14 of 17  \n7. Deployment View    Global Overview \n  Detailed deployment model with clustering   • One IBM HTTP Server will dispatch requests to two different IBM WebSphere servers (load balancing + clustering) • An IBM DB2 Database stores all the information related to online orders', metadata={'id': 'Rag/documents/3.pdf:13:0', 'page': 13, 'source': 'Rag/documents/3.pdf'}), 15229.48459468207), (Document(page_content='14 8. IMPLEMENTATION VIEW ........................................................................................................................... 15 8.1 OVERVIEW .................................................................................................................................................... 15 8.2 LAYERS ......................................................................................................................................................... 15 9. DATA VIEW ...................................................................................................................................................... 16 10. SIZE AND PERFORMANCE ...................................................................................................................... 16', metadata={'id': 'Rag/documents/3.pdf:2:6', 'page': 2, 'source': 'Rag/documents/3.pdf'}), 16931.898230784594), (Document(page_content='7 3.6 PERFORMANCE ................................................................................................................................................ 8 3.7 INTERNATIONALIZATION (I18N) ...................................................................................................................... 8 4. USE-CASE VIEW ................................................................................................................................................ 8 4.1 ORDERING MENUS .......................................................................................................................................... 8 4.2 USE-CASE REALIZATIONS ............................................................................................................................... 9', metadata={'id': 'Rag/documents/3.pdf:2:4', 'page': 2, 'source': 'Rag/documents/3.pdf'}), 17388.934616739243), (Document(page_content='Architecture with Rational Software Architect using the Rational     Unified Process®, IBM DeveloperWorks, Jean-Louis Maréchaux, Mars 2005,      http://www-128.ibm.com/developerworks/rational/library/05/0816_Louis/     1.5 Overview  In order to fully document all the aspects of the architecture, the Software Architecture Document contains the following subsections. Section 2: describes the use of each view Section 3: describes the architectural constraints of the system Section 4: describes the functional requirements with a significant impact on the architecture Section 5: describes the most important use-case realization. Will contain the Analysis Model and the Design Model Section 6: describes design’s concurrency aspects Section 7: describes how the system will be deployed. Will', metadata={'id': 'Rag/documents/3.pdf:4:2', 'page': 4, 'source': 'Rag/documents/3.pdf'}), 17954.177190948547), (Document(page_content='8. Implementation View  8.1 Overview  The Implementation view depicts the physical composition of the implementation in terms of Implementation Subsystems, and Implementation Elements (directories and files, including source code, data, and executable files).  Usually, the layers of the Implementation view do fit the layering defined in the Logical view  It is unnecessary to document the Implementation view in great details in this document. For further information, refer to the Online Catering Service 1.0 workspace in Rational Software Architect.   8.2 Layers  8.2.1 Presentation Layer The Presentation layer contains all the components needed to allow interactions with an end-user. It encompasses the user interface  8.2.2 Control Layer The Control layer contains all the components used', metadata={'id': 'Rag/documents/3.pdf:14:1', 'page': 14, 'source': 'Rag/documents/3.pdf'}), 18617.836818391283)]"
